OTUNumber	sequence	Kingdom	Supergroup	Division	Class	Order	Family	Genus	Species	120p	121p	122p	125p	126p	140p	141p	142p	155p	156p	157p	165p	166p	167p
otu0002	AGCTCCAATAGCGTATATTAAAGTTGTTGCAGTTAAAACGCTCGTAGTCGGATTTCGGGGCAGGTTTGCCGGTCTGCCGATGGGTATGCACTGGTAGAACTGTCCTTCCTTCCGGAGACGGCGCCTACTCTTAACTGAGCGGGTGTCGGAGACGGATCGTTTACTTTGAAAAAATCAGAGTGTTTCAAGCAGGCAGCTCGCTTTTGCATGGATTAGCATGGGATAATGAAATAGGACTTTGGTGCTATTTTGTTGGTTTCGAACACCGAAGTAATGATTAACAGGGACAGTCAGGGGCACTCGTATTCCGCCGAGAGAGGTGAAATTCTTAGACCAGCGGAAGACGAACCACTGCGAAAGCATTTGCCAGGGATGTTT	Eukaryota	Hacrobia	Haptophyta	Prymnesiophyceae	Prymnesiophyceae_X	Braarudosphaeraceae	Braarudosphaeraceae_X	Braarudosphaeraceae_X_sp.	146	97	0	21	63	0	0	34	138	104	33	0	66	0
otu0003	AGCTCCAATAGCGTATATTTAAGTTGTTGCAGTTAAAAAGCTCGTAGTTGGATTTTGGTTAAGAGGGCGCGGTCGGCCGTTTGGTCTGTACTGCGTTGTCTTGACTTCCTGATGAGGACATGCTCTTGGTTAACGCTGAGACATGGAGTCATCGTGGTTACTTTGAAAAAATTAGAGTGTTCAAAGCGGGCTTACGCTTGAATATATTAGCATGGAATAACACTATAGGACTCCTGTCCTATCTCGTTGGTCTCGGGATGGGAGTAATGATTAAGAGGAACAGTTGGGGGCATTCGTATTTCATTGTCAGAGGTGAAATTCTTGGATTTATGAAAGACGAACTTCTGCGAAAGCATTTGCCAAGGATGTTT	Eukaryota	Archaeplastida	Chlorophyta	Mamiellophyceae	Mamiellales	Bathycoccaceae	Bathycoccus	Bathycoccus_prasinos	0	0	31	0	42	0	88	21	0	0	172	0	0	13
otu0004	AGCTCCAATAGCGTATATTAAAGTTGTTGCAGTTAAAAAGCTCGTAGTTGAACTTCAGACTTGGCCGGTGGTCTGCCTAACGGTATGTACTGCTTGGCTGAGTCTTACCTCTTGGTGAGCCGGCATGTCCTTCACTGGATGTGTCGGGGAACCAGGATCTTTACCTTGAGAAAATCAGAGTGTTCAAAGCAGGCCTATGCCCGAATGCATTAGCAGGGAATAATAAAATAGGACGTGTGTCTCTATTTTGTTGGTTTCTAGTGACGCCGTAATGATTAATAGGGACAGTTGGGGGCATTAGTATTCGGTTGCTAGAGGTGAAATTCTTGGATTTACCGAAGACTAACTACTGCGAAAGCATTTGCCAAGGATGTTT	Eukaryota	Opisthokonta	Fungi	Basidiomycota	Agaricomycotina	Agaricomycetes	Hyphodontia	Hyphodontia_sp.	0	0	0	0	0	270	0	0	0	0	0	0	0	0
otu0005	AGCTCCAATAGCGTATACTAAAGTTGTTGCAGTTAAAAAGCTCGTAGTTGGATTTCTGGTCGAAGCAGCCGCTCTGTTACTAGTTAGCACGCAGCGTGCGCTTCGTCCATTTTTGTAAAGACTATGTCTGTCATTAAGTTGGTGGGCATAGGACTTGCATCATTTACTGTGAGCAAAATAGAGTGTTCAAAGCAGGCTTAGGCCATGAATATCTTAGCATGGAATAATAAGATAAGACCTTGGTCTATTTTGTTGGTTAGCATTCCGAGGTAATGATTAATAGGGATAGTTGGGGGTATTCGTATTCAATTGTCAGAGGTGAAATTCTTGGATTTATTGAAGACGAACTACTGCGAAAGCATTTACCAAGGATGTTT	Eukaryota	Stramenopiles	Ochrophyta	Chrysophyceae	Chrysophyceae_X	Chrysophyceae_Clade-G	Chrysophyceae_Clade-G_X	Chrysophyceae_Clade-G_X_sp.	13	35	0	28	0	0	0	0	0	0	0	13	0	161
otu0006	AGCTCCAATAGCGTATATTAAAGTTGTTGCGGTTAAAAAGCTCGTAGTTGGATTTCTGCTGGGGACAACTGGTCTGCCTACTGGGTAAGTATTTGTGTGTCTCAAGCATGTTCTTGGATGGCACTTCTGCACTTGACTGTGTGGTGTGATCTCCAAGGTTGTTACTTTGAGGAAATCAGAGTGCTTCCAGCAGGCAAATGTTTTGAATACATTAGCATGGAATAATAAGATGAGACTTCGGTTTTATTTTGTTGGTTTTTAAAAGTGAAGTAATGATTGACAGGGATAGTTAGGGGCATTTGTATTCAACTGTCAGAGGTGAAATTCTTGGATTTGTTAAAGACAAACAACTGCGAAAGCATTTGCCAAGGATGTTT	Eukaryota	Alveolata	Dinophyta	Dinophyceae	Dinophyceae_X	Dinophyceae_XX	Gonyaulax	Gonyaulax_polygramma	0	0	0	0	0	0	0	0	0	0	0	0	237	0
otu0007	AGCTCCAATAGCGTATATTAAAGTTGTTGCGGTTAAAAAGCTCGTAGTTGGATTTCTGCCGAGGACGACCGGTCCGCCCTGTGGGTGAGCATCTGGATCGGCCTGGGCATCTTCTTGGGGAACGTAGCTGCACTTGACTGTGTGGTGCGGTATCCAGGACTTTTACCTTGAGGAAATTAGAGTGTTTCAAGCAGGCGCACGCCTTGAATACATTAGCATGGAATAATAAGATAGGACCTCGGTTCTATTTTGTTGGTTTCTAGAGCTGAGGTAATGATTAATAGGGATAGTTGGGGGCATTCGTATTTAACTGTCAGAGGTGAAATTCTTGGATTTGTTAAAGACGGACTACTGCGAAAGCATTTGCCAAGGATGTTT	Eukaryota	Alveolata	Dinophyta	Dinophyceae	Dinophyceae_X	Dinophyceae_XX	Prorocentrum	Prorocentrum_sp.	0	66	0	0	0	0	0	138	0	0	0	0	0	0
otu0008	AGCTCCAATAGCGTATATTAAAGTTGTTGCGGTTAAAAAGCTCGTAGTTGGATTTCTGCTTGGGACGACCGGTCCGCCCTCTGGGTGTTGTATCTGGTTCGGCCCGGGCATCTTCTTGAGGAACGTTGCTGCACTTGAGTGTGTGGTGCGGAACTCAAGACTTTCACTTTGAGGAAATTAGAGTGTTTCACGCAGGCTTTTGCCTTGAATACGCTAGCATGGAATGATAAGATAGGACCTCGTCCCTACCTTGTTGGTTTGTAGAGATGAGGTAATGATTAATAGGGATAGTCGGGGGCATTCGTACTTAACTGTCAGAGGTGAAATTCTTGGATTTGTTAAAGACGGACTACTGCGAAAGCATTTGCCAAGGATGTTT	Eukaryota	Alveolata	Dinophyta	Syndiniales	Dino-Group-III	Dino-Group-III_X	Dino-Group-III_XX	Dino-Group-III_XX_sp.	0	0	204	0	0	0	0	0	0	0	0	0	0	0
otu0009	AGCTCCAATAGCGTATATTTAAGTTGTTGCAGTTAAAAAGCTCGTAGTTGGATTTTGGGTTGGGGCAGCCGGTCCGCCTCACGGTGTGCACCGGCTGACCCATCCTTCTTGCCGGGGACGCGCTCCTGGCCTTAACTGGTCGGGACGTGGAGTCGGCGATGTTACTTTGAAAAAATTAGAGTGTTCAAAGCAGGCCTACGCTCTGAATACATTAGCATGGAATAACGTGATAGGACTCTGGTCCTATTGTGTTGGTCTTCGGGACCGGAGTAATGATTAATAGGGACAGTTGGGGATATTCGTATTTCATTGTCAGAGGTGAAATTCTTGGATTTATGAAAGACGAACTTCTGCGAAAGCATTTATCAAGGATGTTT	Eukaryota	Archaeplastida	Streptophyta	Klebsormidiophyceae	Klebsormidiophyceae_X	Klebsormidiophyceae_XX	Klebsormidium	Klebsormidium_nitens	0	0	0	0	0	0	189	0	0	0	0	0	0	0
otu0010	AGCTCCAATAGCGTATATTAAAGTTGTTGCGGTTAAAAAGCTCGTAGTTGGATTTCTGCTGAGGACGACCGGTCCGCCCTCTGGGTGTGTATCTGGCTCAGCCTCGGCATCTTCTTGGAGAACGTAACTGCACTTGACTGTGTGGTACGGTATCCAAGACTTTTACTTTGAGGAAATTAGAGTGTTTCAAGCAGGCGCACGCCTTGAATACATTAGCATGGAATAATAAGATAGGACCTTGGTTCTATTTTGTTGGTTTCTAGAGCTGAGGTAATGATTAATAGGGATAGTTGGGGGCATTCGTATTTAACTGTCAGAGGTGAAATTCTTGGATTTGTTAAAGACGGACTACTGCGAAAGCATTTGCCAAGGATGTTT	Eukaryota	Alveolata	Dinophyta	Dinophyceae	Dinophyceae_X	Dinophyceae_XX	Dinophyceae_XXX	Dinophyceae_XXX_sp.	0	0	0	0	0	0	0	162	0	0	0	0	0	0
otu0011	AGCTCCAATAGCGTATATTTAAGTTGTTGCAGTTAAAAAGCTCGTAGTCGGATTTTGGCTGAGAACGAACGGTCCGCCGTTAGGTGTGCACTGTTTGGTCTCAGCTTCCTGGTGAGGAGGTGTGCTTCACGGCCACTTAGTCACCGTGGTTACTTTGAAAAAATTAGAGTGTTCAAAGCGGGCTTACGCTTGAATATATTAGCATGGAATAACACCATAGGACTCCTGTCCTATTTCGTTGGTCTCGGGACGGGAGTAATGATTAAGAGGAACAGTTGGGGGCATTCGTATTTCATTGTCAGAGGTGAAATTCTTGGATTTATGAAAGACGAACTTCTGCGAAAGCATTTGCCAAGGATGTTT	Eukaryota	Archaeplastida	Chlorophyta	Mamiellophyceae	Mamiellales	Bathycoccaceae	Ostreococcus	Ostreococcus_tauri	0	0	106	54	0	0	0	0	0	0	0	0	0	0
otu0012	AGCTCCAATAGCGTATATTAATGTTGTTGCAGTTAAAAAGCTCGTAGTTGGATTTCTGGTCGGTTCGTCTATCCGGGTCAGCAATGGCTCGTGTGTGCCGCAACCTGCCATCCTCAGGTGTTCTTTTCACTGGCATTCAGTTGTCGGTGGCTTGATGCCTGTCGTTTACTGTGAACAAATTAGAGTGTTCAAAGCAAGGTGTTCTTGAATACATTAGCATGGAATAATAAGATAGGACTCTGGTGGTTCTTTTTGATATTTTGTTGGTTTGCACGCCAAAGTAATGATTAATAGGAGCAGTTGGGGGTATTCGTATTCAATTGTCAGAGGTGAAATTCTTGGATTTATAGAAGACGAACTACTGCGAAAGCATTTACCAAGGATGTTT	Eukaryota	Stramenopiles	Ochrophyta	Dictyochophyceae	Dictyochophyceae_X	Pedinellales	Pedinellales_X	Pedinellales_X_sp.	0	0	0	12	0	71	0	0	58	0	0	0	0	0
otu0014	AGCTCCAATAGCGTATACTAAAGTTGTTGCAGTTAAAAAGCTCGTAGTTGAATTTCTGACTTCGGATGTCGGTCTGCCCCAAGGGGTTGGTACCTGACTGTTCGGAGTCATCCTCGAGATGAAGATGTCTGTCATTAAGTTGATGGGCATGGGATTCTCGTCATTTACTGTGAGTAAAATAGAGTGTTCAAAGCAGACATTATGTCAATGAATACGTTAGCATGGAATAATAAGATAGGACCTTGGTCTATTTTGTTGGTTTGACTCCAAGGTAATGATTAATAGGGACAGTTGGGGGTATTCGTATTCAATTGTCAGAGGTGAAATTCTTGGATTTATGGAAGACGAACTACTGCGAAAGCATTTACCAAGGATGTTT	Eukaryota	Stramenopiles	Ochrophyta	Chrysophyceae	Chrysophyceae_X	Chrysophyceae_Clade-C	Chrysophyceae_Clade-C_X	Chrysophyceae_Clade-C_X_sp.	0	0	0	0	107	0	0	0	0	0	0	0	0	0
otu0015	AGCTCCAATAGCGTATATTAAAGTTGTTGCGGTTAAAAAGCTCGTAGTTGGATTTCTGCCGAGGACGACCGGTCCGCCCTCTGGGTGAGTATCTGGCTCGGCCTGGGCATCTTCTTGGAGAACGTGTCTGCACTTGACTGTGTGGTGCGGTATCCAGGACTTTTACTTTGAGGAAATTAGAGTGTTTCAAGCAGGCTTACGCCTTGAATACATTAGCATGGAATAATAAGATAGGACCTCGGTTCTATTTTGTTGGTTTCTAGAGCTGAGGTAATGATTAATAGGGATAGTTGGGGGCATTCGTATTTAACTGTCAGAGGTGAAATTCTTGGATTTGTTAAAGACGGACTACTGCGAAAGCATTTGCCAAGGATGTTT	Eukaryota	Alveolata	Dinophyta	Dinophyceae	Dinophyceae_X	Dinophyceae_XX	Prorocentrum	Prorocentrum_shikokuense	0	0	0	0	107	0	0	0	0	0	0	0	0	0
otu0016	AGCTCCAATAGCGTATATTAAAGTTGTTGCAGTTAAAAAGCTCGTAGTTGGATTTCTGATGGGGACTGCCGGTCCGAGGCTTTTGGCCTTGTGTACTGGTGTGTTCTTGTCTTTTTTGTGGGGAACTTGTCTGGCATTGGTTTGTCGGGCTTGGGAGCCACATCATTTACTGTGAAAAAATTAGAGTGTTTAAAGCAGGCATATGCCTTGAATACATTAGCATGGAATAATAAGATAGGACTTTGGCCTATTTTGTTGGTTTGCGGGCTAGAGTAATGATTAATAGGGATAGTTGGGGGTATTCGTATTTAATTGTCAGAGGTGAAATTCTTGGATTTATGAAAGACGAACAACTGCGAAAGCATTTACCAAGGATGTTT	Eukaryota	Stramenopiles	Stramenopiles_X	Bicoecea	Borokales	Borokaceae	Borokaceae_X	Borokaceae_X_sp.	0	0	0	0	0	0	0	0	0	98	0	0	0	0
otu0017	AGCTCCAATAGCGTATATTAAAGTTGTTGCGGTTAAAAAGCTCGTAGTTGGATTTCTGCCGAGGACGACCGGTCTGCCCATTGGGTACGTATCTGGCTCGGCCTGGGCATCTTCTTGGAGAACGTATCTGCACTTGACTGTGTGGTGCGGTATCCAGGACTTTTACTTTGAGGAAATTAGAGTGTTTCAAGCAGGCACACGCCTTGAATACATTAGCATGGAATAATAAGATAGGACCTCGGTTCTATTTTGTTGGTTTCTAGAGCTGAGGTAATGATTAATAGGGATAGTTGGGGGCATTCGTATTTAACTGTCAGAGGTGAAATTCTTGGATTTGTTAAAGACGGACTACTGCGAAAGCATTTGCCAAGGATGTTT	Eukaryota	Alveolata	Dinophyta	Dinophyceae	Suessiales	Suessiales_X	Karlodinium	Karlodinium_sp.	0	0	0	92	0	0	0	0	0	0	0	0	0	0
otu0018	AGCTCTAATAGCGTATATTAAAGTTGTTGCAGTTAAAAAGCTCGTAGTCGGATGTCGGGCTCGGGCAGGCTGTCGGCTTCGGTCGGACGGCAGGCTCGGGTCTTTCTGCCTGAGGATCCATCTCATTCACTTGGGGTGGGGACGCAGGCCGTTTACTTTGAAAAAATTAGAGTGTTCAAAGCAGGCCTACGCTTGAATACATTAGCATGGAATAATGGAATAGGACTTTGGTGCTATTTTGTTGGTTTATGGGACCGAAGTAATGATTAACAGGGACAGTTGGGGCCGTTTATATTTCGTTGTCAGAGGTGAAATTCTTGGATTTACGAAAGATAAACTTCTGCGAAAGCATTCGGCAAGGATGTTT	Eukaryota	Hacrobia	Cryptophyta	Cryptophyceae	Cryptophyceae_X	Cryptomonadales	Teleaulax	Teleaulax_sp.	0	0	0	0	0	0	0	0	0	0	0	92	0	0
otu0019	AGCTCCAATAGCGTATATTAAAGTTGTTGCAGTTAAAAAGCTCGTAGTTGGATTTCTGGTGAGATGAATTATGTCTGGATGGAAACGTCTCGTACATGGTTTGTTTTGCCCTTCTTGTCAGGAACCCGTTGGGATTCACTTCTCGACGGTGGAATGGCATCGTTTACTGTGAAAAAATTAGAGTGTTCAAAGCAGGCATCGCCGTTGAATACATTAGCATGGAATAATAAGATAAGACTTTGGTGGTCTATTTTGTTGGTTTGCACGCCAAAGTAATGATTAATAGGGATAGTTGGGGGTATTCGTATTCTATTGCTAGAGGTGAAATTCTTAAATTTATGGAAGACGAACTACTGCGAAAGCATTTACCAAGGATGTTT	Eukaryota	Stramenopiles	Stramenopiles_X	MOCH	MOCH-5	MOCH-5_X	MOCH-5_XX	MOCH-5_XX_sp.	0	0	0	0	0	0	0	0	0	0	0	0	0	73
otu0020	AGCTCCAATAGCGTATATTAATGTTGTTGCAGTTAAAAAGCTCGTAGTTGGATTCCTGACCTGGGGTAGCCGGTCCGCCTTGCAAAAGGTGCGCACTGAGCGGCCTCGGTCATCCTTGAGAAGAGCGGTCCTGGCATTCAGTTGTCGGGGTCGGGATTCTCGACGTTTACTGTGAAAAAATCAGAGTGTTCAACGCAGGCTTACGCCTTGAATACATTAGCATGGAATAATGAGATAGGACCTTGGCGGTCTATTTTGTTGGTTTGCACGCCGAGGTAATGATTAAAAGGGACGGTTGGGGTTCTTCGTATTCAATTGTCAGAGGTGAAATTCTTGGATTTATGGAAGACGAACTGCTGCGAAAGCGTCGAACAAGGACGTTC	Eukaryota	Stramenopiles	Ochrophyta	Pelagophyceae	Pelagomonadales	Pelagomonadaceae	Pelagomonas	Pelagomonas_calceolata	0	0	0	24	0	0	24	0	0	0	0	24	0	0
otu0023	AGCTCCAATAGCGTATATTTAAGTTGTTGCAGTTAAAAAGCTCGTAGTCGGATTTTGGCTGAGAACGAACGGTCCGCCGTTAGGTGTGCATTGTTTGGTCTCAGCTTCCTGGTGAGGAGGTGTGCTTCACGGCCACTTAGTCACCGTGGTTACTTTGAAAAAATTAGAGTGTTCAAAGCGGGCTTACGCTTGAATATATTAGCATGGAATAACACCATAGGACTCCTGTCCTATTTCGTTGGTCTCGGGACGGGAGTAATGATTAAGAGGAACAGTTGGGGGCATTCGTATTTCATTGTCAGAGGTGAAATTCTTGGATTTATGAAAGACGAACTTCTGCGAAAGCATTTGCCAAGGATGTTT	Eukaryota	Archaeplastida	Chlorophyta	Mamiellophyceae	Mamiellales	Bathycoccaceae	Ostreococcus	Ostreococcus_tauri	0	0	0	0	0	0	0	0	0	0	62	0	0	0
otu0024	AGCTCCAATAGCGTATATTAAAGTTGTTGCAGTTAAAAAGCTCGTAGTTGAACCTTGGGCTTGGTTGGCCGGTCCGCCTTTTTGGCGAGTACTGGACCCAACCGAGCCTTTCCTTCTGGCTAACCTTTCGCCCTTGTGGTGTTTGGCGAACCAGGACTTTTACTTTGAAAAAATTAGAGTGTTCAAAGCAGGCCTTTGCTCGAATATATTAGCATGGAATAATAGAATAGGACGTTATGGTTCTATTTTGTTGGTTTCTAGGACCATCGTAATGATTAATAGGGACGGTCGGGGGCATCAGTATTCAGTTGTCAGAGGTGAAATTCTTGGATTACCTGAAGACTAACTACTGCGAAAGCATTTGCCAAGGACGTTT	Eukaryota	Opisthokonta	Fungi	Ascomycota	Saccharomycotina	Saccharomycetales	Debaryomyces	Debaryomyces_hansenii	0	0	0	0	0	0	0	0	0	0	0	0	0	61
otu0025	AGCTCCAATAGCGTATATTAAAGTTGTTGCAGTTAAAAAGCTCGTAGTTGGATTTCTAGCGGACGCGTCTGGTCTGCTCCGCGAGGAGTCGGTACTGAGTCGTCGTCTGTTATCCTTGAGGAGAATATTCCTGGCATTAAGTTGTCGGGAGTAGTATCCTCATCGTTTACTGTGAAAAAATTAGAGTGTTCAAAGCAAGCTTAGGCTCTGAATATATTAGCATGGAATAATAAGATAAGACCCTGGTGGTTTATTTTGTTGGTTTGCACGCCGAGGTAATGATTAATAGGGATAGTTGGGGGTATTCGTATTCAATTGTCAGAGGTGAAATTCTTGGATTTATGGAAGACGAACTACTGCGAAAGCATTTACCAAGGATGTTT	Eukaryota	Stramenopiles	Stramenopiles_X	MOCH	MOCH-2	MOCH-2_X	MOCH-2_XX	MOCH-2_XX_sp.	0	38	0	20	0	0	0	0	0	0	0	0	0	0
otu0026	AGCTCCAATAGCGTATATTAAAGTTGTTGCAGTTAAAAAGCTCGTAGTTGGATTTGTGGCTGTCCCGAGCGGCCTAACACTTAGTGTTAGTGTCAGCTTGGGTCGCCATCCTTGGGTGGAACCTATGTGGCATTAGGTTGTCGTGTAGGGGATGCCCATCGTTTACTGTGAAAAAATTAGAGTGTTCAAAGCAGGCTTATGCCGTTGAATATATTAGCATGGAATAATAAGATAGGACCTTGGTACTATTTTGTTGGTTTGCGCACCAAGGTAATGATTAATAGGGACAGTTGGGGGTATTCGTATTCCATTGTCAGAGGTGAAATTCTTGGATTTTTGGAAGACGAACTACTGCGAAAGCATTTACCAAGGATGTTT	Eukaryota	Stramenopiles	Ochrophyta	Bacillariophyta	Bacillariophyta_X	Raphid-pennate	Bacillaria	Bacillaria_paxillifer	0	0	0	0	0	0	0	0	0	0	0	51	0	0
otu0027	AGCTCCAAGAGCGTATCTTAAAATTGTTGCAGTTAAAAAGCTCGTAGTTGAACCTTGGGTCTGGCTGGCCGGTCCGCTTTTATGCGAGTACTGGACCCAGCCGGGCCTTTCCTTCTGGCTAGCCTTTTGGCGAACCAGGACTTTTACTTTGAAAAAATTAGAGTGTTCAAAGCAGGCCTTTGCTCGAATATATTAGCATGGAATAATAGAATAGGACGTTATGGTTCTATTTTGTTGGTTTCTAGGACCATCGTAATGATTAATAGGAACGGTCGGGGGCATCAGTATTCAGTTGTCAGAGGTGAAATTCTTGGATTTACTGAAGACTAACTACTGCGAAAGCATTTGCCAAGGACGTTT	Eukaryota	Opisthokonta	Fungi	Ascomycota	Saccharomycotina	Saccharomycetales	Pichia	Pichia_burtonii	0	0	0	0	0	0	0	0	0	0	0	0	0	51
otu0028	AGCTCCAATAGCGTATATTAAAGTTGTTGCAGTTAAAAAGCTCGTAGTTGGATTTGTGGTGTACTTCGGCGGCCCGTCACTATGTGATGGAGCTTGCTGAAGTCGCCATCCTTGGGTGGATCCTGTGTGGCATTAAGTTGTCGTGCAGGGGATGCCCATCGTTTACTGTGAAAAAATTAGAGTGTTCAAAGCAGGCTTATGCCGTTGAATATATTAGCATGGAATAATAAGATAGGACCTTGGTACTATTTTGTTGGTTTGCGCACCAAGGTAATGATTAATAGGGACAGTTGGGGGTATTCGTATTTCATTGTCAGAGGTGAAATTCTTGGATTTTTGAAAGACGAACTACTGCGAAAGCATTTACCAAGGATGTTT	Eukaryota	Stramenopiles	Ochrophyta	Bacillariophyta	Bacillariophyta_X	Raphid-pennate	Cylindrotheca	Cylindrotheca_closterium	0	0	0	0	0	0	0	0	0	0	0	0	0	49
otu0030	AGCTCCAATAGCGTATATTAAAGTTGTTGCGGTTAAAAAGCTCGTAGTTGGATTTCTGCTGAGGACGACCGGTCCGCCCTCTGGGTGAGCATCTGGTTCGGCCTCGGCATCTTCTTGGGGAACGTTGCTGCACTTGACTGTGTGGAGCGGTATCCAGGACTTTTACTTTGAGGAAATTAGAGTGTTTCAAGCAGGCGTACGCCTTGAATACATTAGCATGGAATAATAAGATAGGACCTCGGTTCTATTTTGTTGGTTTCTAGAGCTGAGGTAATGATTAATAGGGATAGTTGGGGGCATTCGTATTTAACTGTCAGAGGTGAAATTCTTGGATTTGTTAAAGACGGACTACTGCGAAAGCATTTGCCAAGGATGTTT	Eukaryota	Alveolata	Dinophyta	Dinophyceae	Dinophyceae_X	Dinophyceae_XX	Dinophyceae_XXX	Dinophyceae_XXX_sp.	0	0	0	0	0	0	0	0	47	0	0	0	0	0
otu0031	AGCTCCAATAGCGTATATTAAAGTTGTTGCAGTTAAAAAGCTCGTAGTTGGATTTGTGGCTGTCCCGAGCGGCCTAGCACTTAGTGTTAGTGTCAGCTTGGGTCGCCATCCTTGGGTGGAACCTATGTGGCATTAGGTTGTCGTGTAGGGGATGCCCATCGTTTACTGTGAAAAAATTAGAGTGTTCAAAGCAGGCTTATGCCGTTGAATATATTAGCATGGAATAATAAGATAGGACCTTGGTACTATTTTGTTGGTTTGCGCACCAAGGTAATGATTAATAGGGACAGTTGGGGGTATTCGTATTCCATTGTCAGAGGTGAAATTCTTGGATTTTTGGAAGACGAACTACTGCGAAAGCATTTACCAAGGATGTTT	Eukaryota	Stramenopiles	Ochrophyta	Bacillariophyta	Bacillariophyta_X	Raphid-pennate	Bacillaria	Bacillaria_paxillifer	0	0	0	0	0	0	0	0	0	38	0	0	0	0
otu0032	AGCTCCAATAGCGTATATTTAAGTTGTTGCAGTTAAAAAGCTCGTAGTCGGATTTTGGCTGAGAACGGTCGGTCCGCCGTTAGGTGTGCACTGACTGGTCTCAGCTTCCTGGTGAGGAGGTGTGCTTCATCGCCACTTAGTCACCGTGGTTACTTTGAAAAAATTAGAGTGTTCAAAGCGGGCTTACGCTTGAATATATTAGCATGGAATAACACCATAGGACTCCTGTCCTATTTCGTTGGTCTCGGGACGGGAGTAATGATTAAGAGGAACAGTTGGGGGCATTCGTATTTCATTGTCAGAGGTGAAATTCTTGGATTTATGAAAGACGAACTTCTGCGAAAGCATTTGCCAAGGATGTTT	Eukaryota	Archaeplastida	Chlorophyta	Mamiellophyceae	Mamiellales	Bathycoccaceae	Ostreococcus	Ostreococcus_lucimarinus	0	36	0	0	0	0	0	0	0	0	0	0	0	0
otu0033	AGCTCCAATAGCGTATATTAAAGTTGTTGCGGTTAAAAAGCTCGTAGTTGGATTTCTGCCGAGGACGTCCGGTCCGCCCTCTGGGTGAGTACATGGCACGGCCTGGGCATCTTCTTGGGGAACGTATCTGCACTTGACTGTGTGGTGCGGTATCCAGGACTTTTACTTTGAGGAAATTAGAGTGTTTCAAGCAGGCTCACGCCTTGAATACATTAGCATGGAATAATAAGATAGGACCTCGGTTCTATTTTGTTGGTTTCTAGAGCTGAGGTAATGATTAATAGGGATAGTTGGGGGCATTCGTATTTAACTGTCAGAGGTGAAATTCTTGGATTTGTTAAAGACGGACTACTGCGAAAGCATTTGCCAAGGATGTTT	Eukaryota	Alveolata	Dinophyta	Dinophyceae	Dinophyceae_X	Dinophyceae_XX	Dinophyceae_XXX	Dinophyceae_XXX_sp.	0	0	0	0	0	0	0	0	0	0	31	0	0	0
otu0034	AGCTCCAATAGCGTATATTAAAGTTGTTGCAGTTAAAACGCTCGTAGTCGGATTTCGGGGCGTGCGAGCCGGTCTGCCGATGGGTATGCACTGGCGTTGCGCGTCCTTTCTTTCGGAGCCCTCCGCTGCTCTTAGCTGAGCGGTGGGGGGAGACGGATCGTTTACTTTGAAAAAATCAGAGTGTTTCAAGCAGGCAGCTCGCTCTTGCATGGATTAGCATGGGATAATGAAATAGGACTCTGGTGCTATTTTGTTGGTTTCGAACACCGGAGTAATGGTCAACAGGGACAGTCAGGGGCACTCGTATTCCGCCGAGAGAGGTGAAATTCTCAGACCAGCGGAAGACGAACCACTGCGAAAGCATTTGCCAGGGATGTTT	Eukaryota	Hacrobia	Haptophyta	Prymnesiophyceae	Coccolithales	Calcidiscaceae	Oolithus	Oolithotus_fragilis	0	0	0	0	0	0	30	0	0	0	0	0	0	0
otu0035	AGCTCCAATAGCGTATATTAAAGTTGCTGCAGTTAAAAAGCTCGTAGTTGGATCTTGGGAGCGGGCGGGCGGTCCGCCGCGAGGCGAGCCACCGCCCGTCCCCGCCCCTTGCCTCTCGGCGCCCCCTCGATGCTCTTAGCTGAGTGTCCCGCGGGGCCCGAAGCGTTTACTTTGAAAAAATTAGAGTGTTCAAAGCAGGCCCGAGCCGCCTGGATACCGCAGCTAGGAATAATGGAATAGGACCGCGGTTCTATTTTGTTGGTTTTCGGAACTGAGGCCATGATTAAGAGGGACGGCCGGGGGCATTCGTATTGCGCCGCTAGAGGTGAAATTCTTGGACCGGCGCAAGACGGACCAGAGCGAAAGCATTTGCCAAGAATGTTT	Eukaryota	Opisthokonta	Metazoa	Craniata	Craniata_X	Craniata_XX	Capra	Capra_hircus	0	0	0	28	0	0	0	0	0	0	0	0	0	0
otu0036	AGCTCCAATAGCGTATATTAATGTTGTTGCAGTTAAAAAGCTCGTAGTTGGATTCCTGGCACGGGGTAACCGGTCCGCCTTGCAAAAGGTGCGCACTGCGTGGCCTCAGCCATCCTTGGGGAGAGCGGCCCTGGCATTCGGTTGTCGGGGTCGGGATCCCCGACGTTTACTGTGAAAAAATCAGAGTGTTCAACGCAGGCTTACGCCTTGAATACATTAGCATGGAATAATGAGATAGGACTTTGGCGGTCTATTTTGTTGGTTTGCACGCCGAAGTAATGATTAACAGGGACGGTTGGGGTTCTTCGTATTCAATTGTCAGAGGTGAAATTCTTGGATTTATGGAAGACGAACTGCTGCGAAAGCGTCGAACAAGGACGTTC	Eukaryota	Stramenopiles	Ochrophyta	Pelagophyceae	Sarcinochrysidales	Sarcinochrysidaceae	Sarcinochrysis	Sarcinochrysis_sp.	0	0	0	0	0	0	0	28	0	0	0	0	0	0
otu0037	AGCTCCAATAGCGTATATTAAAGTTGTTGCGGTTAAAAAGCTCGTAGTTGGATTTCTGCTGAGGACGACCGGTCCGCCCTCTGGGTGAGTATCTGGCTTGGCCTTGGCATCTTCTTGGAGAACGTAGCTGCACTTGACTGTGTGGTGCGGTATCCAGGACTTTTACTTTGAGGAAATTAGAGTGTTTCAAGCAGGCACACGCCTTGAATACATTAGCATGGAATAATAAGATAGGACCTCGGTTCTATTTTGTTGGTTTCTAGAGCTGAGGTAATGATTAATAGGGATAGTTGGGGGCATTCGTATTTAACTGTCAGAGGTGAAATTCTTGGATTTGTTAAAGACGGACTACTGCGAAAGCATTTGCCAAGGATGTTT	Eukaryota	Alveolata	Dinophyta	Dinophyceae	Dinophyceae_X	Dinophyceae_XX	Gyrodinium	Gyrodinium_spirale	0	0	0	26	0	0	0	0	0	0	0	0	0	0
otu0038	AGCTCCAATAGCGTATACTAAAGTTGTTGCAGTTAAAAAGCTCGTAGTTGAATTTCTGGATGCGAAAGATGGTCGGCACCTCACGGTGTCTGCACCTATCATTCGCGTTCATCCTCGGGAGGAACGTGTTGTCTCTTTAGTGAGCCGGCTCGGGAATCTCGTCATTTACTGTGAGCAAAATAGAGTGTTCAAAGCAGGCTTATGCCGTTGAATATATTAGCATGGAATAATAAGATACGACTTTGGTCTATTTTGTTGGTTTGCATTCCAAAGTAATGATTAATAGGGATAGTTGGGGGTATTCGTATTCAATTGTCAGAGGTGAAATTCTTGGATTTATGGAAGACGAACTACTGCGAAAGCATTTACCAAGGATGTTT	Eukaryota	Stramenopiles	Ochrophyta	Chrysophyceae	Chrysophyceae_X	Chrysophyceae_Clade-H	Chrysophyceae_Clade-H_X	Chrysophyceae_Clade-H_X_sp.	0	0	0	0	0	0	0	0	0	0	0	0	0	26
otu0039	AGCTCCAATAGCGTATATTAAAGTTGTTGCAGTTAAAAAGCTCGTAGTTGGATTTGTGGCGTCCCTTGAGGTCCAATTTTGGTACTATTGAGGGATGCCATCCTTGGGTGGAACCTGTGTGGCATTAGGTTGTCGTGCAGGGGATGCCCATCTTTTACTGTGAAAAAATTAGAGTGTTCAAAGCAGGCTTATGCCGTTGAATATATTAGCATGGAATAATGAGATAGGACCTTGGTCTATTTTGTTGGTTAGTTTACCGAGGTAATGATTAATAGGGACAGTTGGGGGTATTCGTATTCCATTGTCAGAGGTGAAATTCTTGGATTTCTGGAAGACGAACTACTGCGAAAGCATTTACCAAGGATGTTT	Eukaryota	Stramenopiles	Ochrophyta	Bacillariophyta	Bacillariophyta_X	Raphid-pennate	Raphid-pennate_X	Raphid-pennate_X_sp.	0	0	0	0	0	0	24	0	0	0	0	0	0	0
otu0040	AGCTCCAATAGCGTATACTAAAGTTGTTGCAGTTAAAAAGCTCGTAGTTGGATTTCTGTTTTTAAAAATCGGTCGTAACCTCACGGTTTCTGTACCAGGTTTCTTAAATGCATCCTCAGGGTTCTGATATCTGGTATTAATTTATCGGATTTTTGGTCCTTGTCATTTACTGTGAGCAAAATAGAGTGTTCAAAGCAGGCTTAGGCCATGAATACATTAGCATGGAATAATAAGATAGGACCTTGGTCTATTTTGTTGGTTTACATTCCAAGGTAATGATTAATAGGGATAGTTGGGGGTATTCGTATTCAATTGTCAGAGGTGAAATTCTTGGATTTATGGAAGACGAACTACTGCGAAAGCATTTACCAAGGATGTTT	Eukaryota	Stramenopiles	Ochrophyta	Chrysophyceae	Chrysophyceae_X	Chrysophyceae_Clade-I	Chrysophyceae_Clade-I_X	Chrysophyceae_Clade-I_X_sp.	0	0	0	0	0	0	0	0	0	0	0	23	0	0
otu0041	AGCTCCAATAGCGTATATTAAAGTTGTTGCAGTTAAAAAGCTCGTAGTTGGATTTGTGGTGTACGCCGGCGGCCCGTCGCAAGACGGAGCTTGCTTGCGTCGCCATCCTTGGGTGGATCCTGTGTGGCATTCAGTTGTCGTGCAGGGGATGCCCATCGTTTACTGTGAAAAAATTAGAGTGTTCAAAGCAGGCTTATGCCGTTGAATATATTAGCATGGAATAATAAGATAGGACCTTGGTACTATTTTGTTGGTTTGCGCACCAAGGTAATGATTAATAGGGACAGTTGGGGGTATTCGTATTCCATTGTCAGAGGTGAAATTCTTGGATTTTTGGAAGACGAACTACTGCGAAAGCATTTACCAAGGATGTTT	Eukaryota	Stramenopiles	Ochrophyta	Bacillariophyta	Bacillariophyta_X	Raphid-pennate	Raphid-pennate_X	Raphid-pennate_X_sp.	0	0	0	0	0	0	0	0	0	0	0	23	0	0
otu0042	AGCTCCAATAGCGTATATTTAAGTTGTTGCAGTTAAAAAGCTCGTAGTTGGATTTCGGTTGAGAACGGCCGGTCCGCCGTTTGGTGTGCACTGGCTGGTTTCAACTTCCTGTAGAGGACGCGCTCTGGCTTCACGGCTGGACGCGGAGTCTACGTGGTTACTTTGAAAAAATTAGAGTGTTCAAAGCGGGCTTACGCTTGAATATTTCAGCATGGAATAACACTATAGGACTCCTGTCCTATTTCGTTGGTCTCGGGACGGGAGTAATGATTAAGAGGAACAGTTGGGGGCATTCGTATTTCATTGTCAGAGGTGAAATTCTTGGATTTATGAAAGACGAACTTCTGCGAAAGCATTTGCCAAGGATGTTT	Eukaryota	Archaeplastida	Chlorophyta	Mamiellophyceae	Mamiellales	Mamiellaceae	Micromonas	Micromonas_Clade-B.E.3	0	0	0	20	0	0	0	0	0	0	0	0	0	0
otu0043	AGCTCCAATAGCGTATATTAATGTTGTTGCAGTTAAAAAGCTCGTAGTTGGATTTCTGATCGGTTCGGTTATCCGGGTCCGCAAGGATCCGTGTGTATCGTAACCTGTCATCCTCAGGGGGAGACTTCACTGGCATTCAGTTGTCGGTGTGTCGACGCCTGTCGTTTACTGTGAACAAATTAGAGTGTTCAAAGCAAGGTGTTCTTGAATACATTAGCATGGAATAATAAGATAGGACTCTGTCGGTTCTTTTTGATATTTTGTTGGTTTGCACGCCAGAGTAATGATTAATAGGAGCAGTTGGGGGTATTCGTATTCAATTGTCAGAGGTGAAATTCTTGGATTTATAGAAGACGAACTACTGCGAAAGCATTTACCAAGGATGTTT	Eukaryota	Stramenopiles	Ochrophyta	Dictyochophyceae	Dictyochophyceae_X	Pedinellales	Pedinellales_X	Pedinellales_X_sp.	0	0	0	0	0	0	0	0	0	20	0	0	0	0
otu0044	AGCTCCAATAGCGTATATTTAAGTTGTTGCAGTTAAAAAGCTCGTAGTTGGATTTCGGTTGCGAACGACCGGTCCGCCGTTTGGTGTGCACTGGTTGGTTGCAGCTTCCTGTAGAGGACACGCTCTGGGGTTAACGCTTCGGACGTGGAGTCTACGTGGTTACTTTGAAAAAATTAGAGTGTTCAAAGCGGGCTTACGCTTGAATATTTCAGCATGGAATAACACTATAGGACTCCTGTCCTATTTCGTTGGTCTCGGGACGGGAGTAATGATTAAGAGGAACAGTTGGGGGCATTCGTATTTCATTGTCAGAGGTGAAATTCTTGGATTTATGAAAGACGAACTTCTGCGAAAGCATTTGCCAAGGATGTTT	Eukaryota	Archaeplastida	Chlorophyta	Mamiellophyceae	Mamiellales	Mamiellaceae	Micromonas	Micromonas_Clade-B..4	0	0	0	0	0	0	0	0	0	19	0	0	0	0
otu0045	AGCTCCAATAGCGTATACTAAAGTTGTTGCAGTTAAAAAGCTCGTAGTTGGATTTCTGGTCGAAGCAGCCGCCCGGCTTCAAGTAAGTTTGTGGCAGGCGCTTCGGCCATTTTTGTAAAGACTATATCTGTCATTAAGTTGGTGGGTATAGGACTTGCATCATTTACTGTGAGCAAAATAGAGTGTTCAAAGCAGGCTTAGGCCATGAATATCTTAGCATGGAATAATAAGATAAGACCTTGGTCTATTTTGTTGGTTAGCATTCCGAGGTAATGATTAATAGGGATAGTTGGGGGTATTCGTATTCAATTGTCAGAGGTGAAATTCTTGGATTTATTGAAGACGAACTACTGCGAAAGCATTTACCAAGGATGTTT	Eukaryota	Stramenopiles	Ochrophyta	Chrysophyceae	Chrysophyceae_X	Chrysophyceae_Clade-G	Chrysophyceae_Clade-G_X	Chrysophyceae_Clade-G_X_sp.	0	8	0	0	10	0	0	0	0	0	0	0	0	0
otu0046	AGCTCCAATAGCGTATATTAAAGTTGTTGCAGTTAAAAAGCTCGTAGTTGGATTTCTAGCGGATGCAACCGGTCTGCTCCGCGAGGAGTGGGACTAGCGTTGTCGTCTGTTATCCTTGAGAAGAGCGGCCCTGGCATTCGGTTGTCGGGGTCGGGATTCTCATCGTTTACTGTGAAAAAATTAGAGTGTTCAAAGCAAGCTTAGGCTCTGAATATATTAGCATGGAATAATAAGATAAGACCTTGGTGGTTTATTTTGTTGGTTTGCACGCCGAGGTAATGATTAATAGGGATAGTTGGGGGTATTCGTATTCAATTGTCAGAGGTGAAATTCTTGGATTTATGGAAGACGAACTACTGCGAAAGCATTTACCAAGGATGTTT	Eukaryota	Stramenopiles	Stramenopiles_X	MOCH	MOCH-2	MOCH-2_X	MOCH-2_XX	MOCH-2_XX_sp.	0	0	0	0	0	0	0	15	0	0	0	0	0	0
otu0047	AGCTCCAATAGCGTATATTAAAGTTGTTGCAGTTAAAAAGCTCGTAGTCTGACCGTTGATCGGCATTGAGCGTCCGTGGCTACTGGTCATGTGTACGCGAGGTGCTGGTCACTACCTTCGGAGGAGCGTTCGTGCTTTTAACTAAGTGCGTGCGGGATTCCGATAGTTTACTTTGAGAAAAATAGAGTGTTCAAAGCAGGCGTTTGCCTTGAATACATTAGCATGGGATAATGAAATAGGACGTTGGTTCTATTTTGATGGTTTACGGACCGACGTAATGATTAATAGGGACAGTTGGGGACATTTATATTCCATGGCTAGAGGTGAAATTCTTGGATTCATGGAAGATAAACTACTGCGAAAGCATTTGTCAAAGATGTTT	Eukaryota	Hacrobia	Centroheliozoa	Centroheliozoa_X	Pterocystida	Pterocystida_X	Pterocystida_XX	Pterocystida_XX_sp.	0	0	0	0	0	0	0	0	0	0	0	0	13	0
otu0048	AGCTCCAATAGCGTATATTAAAGTTGTTGCAGTTAAAAAGCTCGTAGTTGGATTTGTGGTTGATTCTAGCGACCCATCACTTAGTGTTGGTGTCTGCTGGTTTCGCCATCCTTAAAGAGATCTTTTGTGGCATTAGGTTGTCGTGAAAGTTGACCTTTATCGTTTACTGTGAGAAAATTAGAGTGTTCAAAGCAGGCTTATGCCTTTATTGAATATGTTAGCATGGAATAATAAGATAGGACCTTGGTACTATTTTGTTGGTTTGCGCACCGAGGTAATGATTAATAGGGACAGTTGGGGGTATTCGTATTCCATTGTCAGAGGTGAAATTCTTGGATTTCTGGAAGACGAACTACTGCGAAAGCATTTACCAAGGATGTTT	Eukaryota	Stramenopiles	Ochrophyta	Bacillariophyta	Bacillariophyta_X	Raphid-pennate	Nitzschia	Nitzschia_linearis	0	0	0	0	0	0	0	0	0	12	0	0	0	0
otu0049	AGCTCCAATAGCGTATATTAATGTTGTTGCAGTTAAAAAGCTCGTAGTTGGATTTCTGGTCGGTTCGTCTATCCGGGTCAGCAATGGCTCGTGTGTGCCGCAACCTGCCATCCTCAGGTGTTCTTTTCACTGGCATTCAGTTGTCGGTGGCTTGATGCCTGTCGTTTACTGTGAACAAATTAGAGTGTTCAAAGCAAGGTGTTCTTGAATACATTAGCATGGAATAATAAGATAGGACTCTGTCGGTTCTTTTTGATATTTTGTTGGTTTGCACGCCAGAGTAATGATTAATAGGAGCAGTTGGGGGTATTCGTATTCAATTGTCAGAGGTGAAATTCTTGGATTTATAGAAGACGAACTACTGCGAAAGCATTTACCAAGGATGTTT	Eukaryota	Stramenopiles	Ochrophyta	Dictyochophyceae	Dictyochophyceae_X	Pedinellales	Pedinellales_X	Pedinellales_X_sp.	0	0	0	0	0	0	0	0	0	11	0	0	0	0
otu0050	AGCTCCAATAGCGTATATTTAAGTTGTTGCAGTTAAAAAGCTCGTAGTTGGACTTTGGGTTGGGTCGGCCGGTCCGCCGTTTGGTGTGCACCGGTCGCCTCGTCCCTTCTGCCGGCGATGCGCTCCTGTCCTTAATTGGCCGGGTCGTGCCTCCGGCGCTGTTACTTTGAAGAAATTAGAGTGCTCAAAGCAAGCCTACGCTCTGTATACATTAGCATGGGATAACATCATAGGATTTCGGTCCTATTACGTTGGCCTTCGGGATCGGAGTAATGATTAACAGGGACAGTCGGGGGCATTCGTATTTCATAGTCAGAGGTGAAATTCTTGGATTTATGAAAGACGAACAACTGCGAAAGCATTTGCCAAGGATGTTT	Eukaryota	Archaeplastida	Streptophyta	Embryophyceae	Embryophyceae_X	Embryophyceae_XX	Apium	Apium_graveolens	0	0	10	0	0	0	0	0	0	0	0	0	0	0
otu0051	AGCTCCAATAGCGTATACTAAAGTTGTTGCAGTTAAAAAGCTCGTAGTTGGATTTCTGGTCGAAGCAGCCGCTCAGCTTCTAGTAAGTTTGTAGCAGGCGCTTCGTCCATTTTTGTAAAGACTATATCTGTCATTAAGTTGGTGGGTATAGGACTTGCATCATTTACTGTGAGCAAAATAGAGTGTTCAAAGCAGGCTTAGGCCATGAATATCTTAGCATGGAATAATAAGATAAGACCTTGGTCTATTTTGTTGGTTAGCATTCCGAGGTAATGATTAATAGGGATAGTTGGGGGTATTCGTATTCAATTGTCAGAGGTGAAATTCTTGGATTTATTGAAGACGAACTACTGCGAAAGCATTTACCAAGGATGTTT	Eukaryota	Stramenopiles	Ochrophyta	Chrysophyceae	Chrysophyceae_X	Chrysophyceae_Clade-G	Chrysophyceae_Clade-G_X	Chrysophyceae_Clade-G_X_sp.	0	0	0	0	0	0	0	0	0	10	0	0	0	0
otu0052	AGCTCCAATAGCGTATATTAAAGTTGTTGCAGTTAAAAAGCTCGTAGTTGGATTTGTGGCTGTCCCGAGCGGCCTAACACTTAGTGTTAGTGTCAGCTTGGGTCGCCATCCTTGGGTGGAACCTATGTGGCATTAGGTTGTCGTGTAGGGGATGCCCATCGTTTACTGTGAAAAAATTAGAGTGTTCAAAGCAGGCTTATGCCGTTGAATATATTAGCATGGAATAATAAGATAGGACCTTGGTACTATTTTGTTGGTTTGCGCACCAAGGTAATGATTAATAGGGACAGTTGGGGGTATTCGTATTTCATTGTCAGAGGTGAAATTCTTGGATTTTTGAAAGACGAACTACTGCGAAAGCATTTACCAAGGATGTTT	Eukaryota	Stramenopiles	Ochrophyta	Bacillariophyta	Bacillariophyta_X	Raphid-pennate	Cymbella	Cymbella_bruyanti	0	0	0	0	0	0	0	0	0	0	0	0	0	10
otu0053	AGCTCCAATAGCGTATATTAAAGTTGTTGCAGTTAAAAAGCTCGTAGTTGGATTTCTGGTGGGGCTGTCGGCCTGGCTCCGAAAGGGGTCGTGGTTAGTACACGCCTGGCCATCCTCGGGGGAAGCTTTGCTGGCATTAAGTTGTCGGCGGAGTGACGCTCGTCGTTTACTGTGAACAAATTAGAGTGTTCAAAGCAGGCTTAGGCCGTTGAATACATTAGCATGGAATAATGAGATAGGACTTTGGTGGTCTATTTTGTTGGTTTGCACGCCGAAGTAATGATTAATAGGGGCGGTTGGGGGTATTCGTATTCAATTGTCAGAGGTGAAATTCTTGGATTTATGGAAGACGAACTACTGCGAAAGCATTTACCAAGGATGTTT	Eukaryota	Stramenopiles	Ochrophyta	Dictyochophyceae	Dictyochophyceae_X	Florenciellales	Florenciella	Florenciella_parvula	0	0	0	0	0	0	0	0	0	0	8	0	0	0
otu0054	AGCTCTAATAGCGTATATTAAAGTTGTTGCAGTTAAAAAGCTCGTAGTCGGATGTCGGGCTCGGGCAGGCTGTCGGCTTCGGTCGGACGGCAGGCTCGGGTCTTTCTGCCTGAGGATCCCGTTGCACTTAATTGTGGGGCGTGGGGACGCAGGCCGTTTACTTTGAAAAAATTAGAGTGTTCAAAGCAGGCCTACGCTTGAATACATTAGCATGGAATAATGGAATAGGACTTTGGTGCTATTTTGTTGGTTTATGGGACCGAAGTAATGATTAACAGGGACAGTTGGGGCCGTTTATATTTCGTTGTCAGAGGTGAAATTCTTGGATTTACGAAAGATAAACTTCTGCGAAAGCATTCGGCAAGGATGTTT	Eukaryota	Hacrobia	Cryptophyta	Cryptophyceae	Cryptophyceae_X	Cryptomonadales	Teleaulax	Teleaulax_gracilis	0	0	0	0	0	0	0	0	0	0	0	0	8	0
otu0055	AGCTCCAATAGCGTATATTAAAGTTGTTGCAGTTAAAAAGCTCGTAGTCTGACCGTTGTCCTGGCATTGAGCGTCCGTGGTTACTGATCATGTGTACGCGAGGTGCTGGACACTACCTTCGGAGGAGCGTTCGTGCTTTTAACTAAGTGCGGGCGGGATTCCGATAGTTTACTTTGAGAAAAATAGAGTGTTCAAAGCAGGCGTTTGCCTTGAATACATTAGCATGGGATAATGAAATAGGACGTTGGTTCTATTTTGATGGTTTACGGACCGACGTAATGATTAATAGGGACAGTTGGGGACATTTATATTCCATGGCTAGAGGTGAAATTCTTGGATTCATGGAAGATAAACTACTGCGAAAGCATTTGTCAAAGATGTTT	Eukaryota	Hacrobia	Centroheliozoa	Centroheliozoa_X	Pterocystida	Pterocystida_X	Pterocystida_XX	Pterocystida_XX_sp.	0	0	0	0	7	0	0	0	0	0	0	0	0	0
otu0056	AGCTCCAATAGCGTATATTAAAGTTGTTGCAGTTAAAAAGCTCGTAGTTGAACTTTGGGCTTGGTTGGCCGGTCCGCCTTTTTGGCGAGTACTGGACCCAACCGAGCCTTTCCTTCTGGCTAACCATTCGCCCTTGTGGTGTTTGGCGAACCAGGACTTTTACTTTGAAAAAATTAGAGTGTTCAAAGCAGGCCTTTGCTCGAATATATTAGCATGGAATAATAGAATAGGACGTTATGGTTCTATTTTGTTGGTTTCTAGGACCATCGTAATGATTAATAGGGACGGTCGGGGGCATCAGTATTCAGTTGTCAGAGGTGAAATTCTTAGATTTACTGAAGACTAACTACTGCGAAAGCATTTGCCAAGGACGTTT	Eukaryota	Opisthokonta	Fungi	Ascomycota	Saccharomycotina	Saccharomycetales	Meyerozyma	Meyerozyma_guilliermondii	0	0	6	0	0	0	0	0	0	0	0	0	0	0
otu0057	AGCTCCAATAGCGTATATTAAAGTTGTTGCAGTTAAAAAGCTCGTAGTTGGATTTCTGGTGTGAGTGATCAGTTCGACCTTAGGTGGATACTTGATCATCTCATACCATCCTTGGGTCTAGCCTCGCTGGTATTAAGTTACCGGCGTGTGCGATGCCCATCGTTTACTGTGAACAAAATAGAGTGCTCTAAGCAGGCTTATGCCGTTGAATATATTAGCATGGAATAATAAGATAGGACTTTGGTGCTATTTTGTTGGTTTGCGCATCAATGTAATGATAAAAAGGGACAGTTGTGGGTATTTGTATTTTTGTGTAAGAGGTGAAATTCTTAGATTACAAAAAGACAAACGAATGCGAAAGCATTTACCAAGGATGTTT	Eukaryota	Stramenopiles	Ochrophyta	Bacillariophyta	Bacillariophyta_X	Raphid-pennate	Halamphora	Halamphora_fluminensis	0	0	0	0	0	0	0	0	0	0	5	0	0	0
otu0058	AGCTCCAATAGCGTATATTAAAGTTGTTGCAGTTAAAAAGCTCGTAGTTGAACTTTGGGCTTGGAGAATCGGTCCAACTTTGTTGTGTACTGTCTTCTCCAGGTCTTTCCTTCTGGTTCTCATTTGGGGTTTACTCCATTTGTTGATCCAGGATTTTTACTTTGAAAAAATTAGAGTGTTCAAAGCAGGCGTTTTGCTCGAATATATTAGCATGGAATAATAGAATAGGACGATTGGTTCTATTTTGTTGGTTTCTAGGACCATCGTAATGATTAATAGGGACGGTCGGGGGCATCAGTATTCAGTTGTCAGAGGTGAAATTCTTGGATTTACTGAAGACTAACTACTGCGAAAGCATTTGTCAAGGACGTTT	Eukaryota	Opisthokonta	Fungi	Ascomycota	Saccharomycotina	Saccharomycetales	Hanseniaspora	Hanseniaspora_uvarum	0	0	0	0	4	0	0	0	0	0	0	0	0	0
